title,text,label
Scientists Discover New Planet in Solar System,"A team of astronomers has discovered a new planet orbiting our sun. The planet, named Kepler-452b, is located in the habitable zone and may have conditions suitable for life. The discovery was made using advanced telescopes and years of observation data.",REAL
Breaking: Aliens Land in Central Park,"Multiple eyewitnesses report seeing a massive UFO landing in Central Park this morning. The aliens are reportedly friendly and have brought advanced technology to share with humanity. Government officials are keeping this information secret.",FAKE
New Study Shows Benefits of Regular Exercise,"A comprehensive study published in the Journal of Medicine reveals that regular exercise can reduce the risk of heart disease by up to 30%. The research followed over 10,000 participants for five years and found significant health improvements in those who exercised regularly.",REAL
Secret Government Program Controls Weather,"Leaked documents reveal that the government has been secretly controlling weather patterns for decades. The program uses advanced technology to create hurricanes, droughts, and other weather events to manipulate global politics and economies.",FAKE
Tech Company Announces Revolutionary AI Breakthrough,"A major technology company has announced a breakthrough in artificial intelligence that could revolutionize healthcare. The new AI system can diagnose diseases with 95% accuracy and is expected to be available in hospitals within two years.",REAL
Celebrity Dies in Mysterious Circumstances,"A famous celebrity was found dead under mysterious circumstances. Sources close to the investigation reveal that the death was not accidental and may be connected to a larger conspiracy involving powerful individuals in the entertainment industry.",FAKE
Climate Change Report Shows Alarming Trends,"The latest climate change report from the United Nations shows that global temperatures are rising faster than previously predicted. The report warns that immediate action is needed to prevent catastrophic environmental damage within the next decade.",REAL
Ancient Civilization Found Under Antarctica,"Archaeologists have discovered the remains of an ancient civilization buried under the ice in Antarctica. The civilization appears to be over 10,000 years old and shows evidence of advanced technology that predates known human history.",FAKE
New Vaccine Shows Promise Against Cancer,"Clinical trials for a new cancer vaccine have shown promising results. The vaccine targets specific cancer cells and has shown a 60% success rate in early trials. Researchers are optimistic about its potential to revolutionize cancer treatment.",REAL
Time Travel Technology Discovered by Scientists,"A group of scientists claims to have discovered the secret to time travel. The technology uses quantum mechanics to manipulate space-time and has been successfully tested in laboratory conditions. The discovery is being kept secret by government agencies.",FAKE
Economic Growth Exceeds Expectations,"The latest economic data shows that GDP growth has exceeded analyst expectations for the third consecutive quarter. Unemployment rates have dropped to historic lows, and consumer confidence is at its highest level in over a decade.",REAL
Conspiracy Theory About Moon Landing,"New evidence suggests that the Apollo moon landing was staged in a Hollywood studio. Former NASA employees have come forward with shocking revelations about the elaborate hoax that fooled the world for over 50 years.",FAKE
Renewable Energy Reaches New Milestone,"Solar and wind energy now account for over 40% of total electricity generation in several countries. This milestone represents a significant shift towards sustainable energy sources and reduced carbon emissions.",REAL
Mind Control Technology Used on Citizens,"Secret government documents reveal the use of advanced mind control technology on unsuspecting citizens. The technology uses electromagnetic waves to influence thoughts and behavior, raising serious concerns about privacy and freedom.",FAKE
Breakthrough in Quantum Computing,"Researchers have achieved a major breakthrough in quantum computing, successfully maintaining quantum coherence for over 10 minutes. This development brings us closer to practical quantum computers that could revolutionize cryptography and scientific computing.",REAL
Hidden Messages in Popular Music,"Music industry insiders reveal that popular songs contain hidden messages designed to influence listeners' behavior. The subliminal messages are inserted using advanced audio technology and are part of a larger social control experiment.",FAKE
Space Mission Discovers Water on Mars,"NASA's latest Mars mission has confirmed the presence of liquid water beneath the planet's surface. This discovery significantly increases the possibility of finding microbial life on the Red Planet and supports plans for future human colonization.",REAL
Reptilian Aliens Control World Governments,"Classified documents expose the existence of reptilian aliens who have infiltrated world governments. These shape-shifting beings have been secretly controlling global politics and economics for centuries, manipulating human society from behind the scenes.",FAKE
Medical Breakthrough in Alzheimer's Treatment,"A new drug has shown remarkable results in treating Alzheimer's disease, with patients showing significant improvement in memory and cognitive function. The treatment targets the root cause of the disease and could help millions of people worldwide.",REAL
Flat Earth Society Proves Earth is Flat,"The Flat Earth Society has released compelling evidence that the Earth is actually flat, not round. Their research includes satellite imagery analysis and mathematical calculations that challenge centuries of scientific consensus about our planet's shape.",FAKE




